Day Visits,Day Views,Clones,Unique Cloners,Forks,Stars,Stars
29,120,0,0,65,535,535
23,109,4,12,65,535,535
51,323,4,15,65,535,535
47,398,9,19,66,536,536
43,221,4,6,66,537,537
58,562,6,31,66,537,537
53,453,7,39,67,538,538
23,103,0,0,67,538,538
28,127,0,0,67,539,539
67,274,7,14,67,540,540
55,435,6,19,67,542,542
45,230,6,6,67,542,542
36,257,3,7,68,542,542
37,174,5,11,69,542,542
13,205,1,2,69,542,542
19,92,1,2,69,542,542
45,185,3,3,68,543,543
63,469,11,26,68,544,544
44,310,7,26,68,544,544
53,392,7,28,67,544,544
52,372,8,24,67,547,547
18,60,1,1,67,549,549
23,95,0,0,67,548,548
64,515,5,8,67,549,549
59,288,3,3,67,552,552
47,233,8,24,68,553,553
56,331,9,31,68,554,554
39,313,2,2,68,554,554
21,104,3,8,68,557,557
24,114,0,0,68,559,559
66,650,12,25,68,561,561
66,324,5,11,69,564,564
52,293,6,7,69,566,566
71,610,9,38,69,567,567
62,432,2,3,70,568,568
27,123,3,3,70,568,568
26,136,1,1,70,568,568
65,465,7,19,70,569,569
62,360,5,11,72,571,571
69,364,8,19,72,576,576
68,404,8,25,73,578,578
53,275,2,2,74,580,580
28,69,1,1,74,580,580
23,114,0,0,74,580,580
57,311,9,15,74,582,582
63,338,6,15,74,584,584
75,485,6,10,75,585,585
93,960,10,46,75,588,588
110,512,6,9,75,589,589
42,147,2,2,75,595,595
34,147,0,0,75,596,596
78,448,1,1,75,598,598
68,309,6,20,75,601,601
92,467,9,42,75,605,605
86,594,12,33,75,606,606
74,513,8,9,75,613,613
32,138,1,3,76,615,615
36,171,0,0,76,615,615
69,268,3,4,76,617,617
49,278,8,31,76,617,617
73,376,7,20,76,620,620
55,267,7,28,76,624,624
51,288,6,33,76,627,627
21,89,1,1,77,627,627
25,109,2,2,77,627,627
31,169,3,3,77,629,629
62,362,6,7,77,633,633
59,293,1,1,77,634,634
55,268,3,3,77,635,635
46,223,0,0,77,638,638
18,42,0,0,77,638,638
25,61,1,1,77,638,638
47,182,5,30,78,638,638
62,302,4,20,78,639,639
79,377,5,14,79,643,643
67,421,5,30,79,643,643
60,344,5,10,79,644,644
30,121,0,0,80,644,644
25,133,6,20,80,645,645
61,359,12,37,81,646,646
49,278,8,17,81,646,646
49,256,8,9,81,647,647
74,316,0,0,81,648,648
30,114,1,1,81,652,652
20,65,0,0,81,652,652
34,87,1,1,81,652,652
64,262,3,10,81,652,652
73,401,5,5,82,653,653
72,458,8,14,83,654,654
53,147,3,9,83,654,654
56,383,9,39,83,654,654
20,46,1,1,83,654,654
28,87,0,0,83,654,654
69,429,5,26,83,656,656
59,315,5,17,83,660,660
82,549,6,44,83,660,660
67,339,2,3,83,664,664
63,347,9,32,83,668,668
20,54,1,1,83,668,668
26,61,0,0,83,668,668
58,334,8,27,83,668,668
44,324,5,17,83,668,668
75,428,5,5,83,670,670
63,363,3,3,83,670,670
52,225,3,3,83,670,670
26,95,1,1,83,672,672
29,76,2,2,84,672,672
57,188,5,11,84,673,673
76,446,8,26,84,674,674
66,356,8,25,84,677,677
78,424,4,35,84,678,678
55,221,4,5,84,679,679
37,76,1,1,84,679,679
38,148,1,1,85,680,680
73,422,3,4,85,680,680
68,313,3,3,85,680,680
102,372,12,44,85,680,680
72,552,5,41,85,681,681
62,348,11,22,85,682,682
35,245,0,0,86,682,682
25,126,4,10,86,683,683
68,361,8,24,86,683,683
75,448,5,21,87,683,683
76,460,9,17,88,686,686
77,485,11,59,88,688,688
78,636,11,34,89,692,692
34,116,6,8,91,697,697
40,169,12,19,91,697,697
77,618,15,65,91,697,697
73,462,9,25,91,697,697
88,325,7,28,91,699,699
65,207,5,11,91,701,701
58,268,5,22,91,702,702
41,149,4,5,90,702,702
42,130,2,2,91,704,704
81,476,2,13,91,706,706
74,338,8,32,91,710,710
85,379,14,61,91,711,711
359,1078,8,32,91,712,712
152,543,11,33,93,737,737
70,291,5,6,95,760,760
85,261,5,5,95,764,764
115,555,7,38,95,770,770
97,539,6,13,95,774,774
110,771,7,16,96,779,779
114,496,12,42,96,786,786
84,475,11,30,96,789,789
37,119,0,0,96,791,791
63,176,4,16,96,791,791
87,568,2,11,96,792,792
81,318,5,24,97,794,794
70,274,7,13,97,794,794
102,473,5,6,98,797,797
69,299,4,4,98,803,803
36,201,2,2,98,805,805
46,152,2,2,98,807,807
96,433,4,22,98,807,807
88,440,7,34,98,809,809
84,422,9,57,99,813,813
60,327,5,32,99,814,814
59,291,7,21,100,815,815
35,170,2,2,100,816,816
45,253,7,16,100,819,819
94,669,9,54,100,821,821
87,632,9,32,102,825,825
92,557,7,15,102,826,826
81,513,10,84,103,828,828
78,502,8,53,105,832,832
35,143,3,4,106,834,834
42,214,2,13,107,837,837
99,626,8,33,107,838,838
102,480,7,10,107,843,843
95,625,9,48,109,847,847
101,711,9,72,109,850,850
74,300,2,2,109,851,851
31,104,1,1,109,854,854
35,85,5,18,109,856,856
82,782,9,60,109,855,855
86,814,7,34,109,856,856
73,496,7,34,109,859,859
86,530,8,42,109,863,863
68,398,8,22,109,864,864
33,138,1,1,112,867,867
28,141,7,7,112,867,867
75,548,5,23,112,867,867
41,255,3,9,112,869,869
33,186,2,9,112,870,870
40,162,4,10,112,871,871
43,232,2,2,112,872,872
24,113,1,1,112,872,872
24,134,2,6,112,874,874
49,178,1,1,112,874,874
35,145,2,2,113,874,874
37,202,6,43,113,873,873
63,640,9,83,113,873,873
58,392,10,37,113,873,873
40,138,1,7,113,877,877
49,265,4,33,113,878,878
69,701,10,79,114,880,880
85,901,13,85,114,881,881
61,557,8,60,114,883,883
81,932,12,134,114,883,883
48,504,11,81,114,886,886
25,128,4,14,114,888,888
28,373,8,54,114,888,888
98,702,11,72,114,890,890
100,741,11,122,114,891,891
79,694,13,104,115,894,894
62,616,7,86,115,896,896
48,293,9,52,116,897,897
26,79,3,7,117,898,898
30,220,8,34,117,899,899
60,582,11,90,117,899,899
71,523,10,85,118,900,900
76,728,13,97,118,902,902
67,623,12,58,118,906,906